{"cameraMode":{"drawMode":0,"name":"Shaded","section":"Shading Mode"},"sceneLighting":true,"audioPlay":false,"sceneViewState":{"m_AlwaysRefresh":false,"showFog":true,"showSkybox":true,"showFlares":true,"showImageEffects":true,"showParticleSystems":true,"showVisualEffectGraphs":true,"m_FxEnabled":true},"in2DMode":false,"pivot":{"x":-3.299937816336751e-7,"y":-0.00008845329284667969,"z":-0.000011086463928222656},"rotation":{"x":0.0021029687486588957,"y":0.9788616299629211,"z":-0.20435290038585664,"w":0.010084678418934346},"size":0.8660253882408142,"orthographic":false}