{"cameraMode":{"drawMode":0,"name":"Shaded","section":"Shading Mode"},"sceneLighting":true,"audioPlay":false,"sceneViewState":{"m_AlwaysRefresh":false,"showFog":true,"showSkybox":true,"showFlares":true,"showImageEffects":true,"showParticleSystems":true,"showVisualEffectGraphs":true,"m_FxEnabled":true},"in2DMode":false,"pivot":{"x":-0.03100268542766571,"y":0.4539029896259308,"z":-0.543253481388092},"rotation":{"x":-0.0025049985852092506,"y":0.9974710941314697,"z":-0.04572580009698868,"w":-0.05461447313427925},"size":1.295512318611145,"orthographic":false}